train_size,train_mean,train_std,test_mean,test_std
17055,0.8605087561003358,0.002335510450911242,0.8391954201960253,0.0020467867715163054
38984,0.8510154253386183,0.0006952134517698743,0.8418370103262474,0.0017830346946321168
60913,0.8492071180708791,0.00041872125003314224,0.8425880207344468,0.0016967632129262285
82841,0.8471528318735606,0.00039996697661382103,0.8427849812870641,0.001642654812383001
104770,0.846521163039848,0.0007052495447420078,0.8430638699799718,0.0015633532641324377
126699,0.8471663559911554,0.0006768326659549605,0.8432974152115946,0.0016344636845588795
148628,0.8466345313005692,0.0005728807008279249,0.8434724044385561,0.0016428974761209894
170557,0.84583615137565,0.0008786114377789383,0.8436005781346716,0.0017641081989787245
